1,Sample data number 1,10000
2,Sample data number 2,20000
3,Sample data number 3,30000
4,Sample data number 4,40000
5,Sample data number 5,50000
6,Sample data number 6,60000
7,Sample data number 7,70000
8,Sample data number 8,80000
9,Sample data number 9,90000
10,Sample data number 10,100000
11,Sample data number 11,110000
12,Sample data number 12,120000
13,Sample data number 13,130000
14,Sample data number 14,140000
15,Sample data number 15,150000
16,Sample data number 16,160000
17,Sample data number 17,170000
18,Sample data number 18,180000
19,Sample data number 19,190000
20,Sample data number 20,200000
21,Sample data number 21,210000
22,Sample data number 22,220000
23,Sample data number 23,230000
24,Sample data number 24,240000
25,Sample data number 25,250000
26,Sample data number 26,260000
27,Sample data number 27,270000
28,Sample data number 28,280000
29,Sample data number 29,290000
30,Sample data number 30,300000
31,Sample data number 31,310000
32,Sample data number 32,320000
33,Sample data number 33,330000
34,Sample data number 34,340000
35,Sample data number 35,350000
36,Sample data number 36,360000
37,Sample data number 37,370000
38,Sample data number 38,380000
39,Sample data number 39,390000
40,Sample data number 40,400000
41,Sample data number 41,410000
42,Sample data number 42,420000
43,Sample data number 43,430000
44,Sample data number 44,440000
45,Sample data number 45,450000
46,Sample data number 46,460000
47,Sample data number 47,470000
48,Sample data number 48,480000
49,Sample data number 49,490000
50,Sample data number 50,500000
51,Sample data number 51,510000
52,Sample data number 52,520000
53,Sample data number 53,530000
54,Sample data number 54,540000
55,Sample data number 55,550000
56,Sample data number 56,560000
57,Sample data number 57,570000
58,Sample data number 58,580000
59,Sample data number 59,590000
60,Sample data number 60,600000
61,Sample data number 61,610000
62,Sample data number 62,620000
63,Sample data number 63,630000
64,Sample data number 64,640000
65,Sample data number 65,650000
66,Sample data number 66,660000
67,Sample data number 67,670000
68,Sample data number 68,680000
69,Sample data number 69,690000
70,Sample data number 70,700000
71,Sample data number 71,710000
72,Sample data number 72,720000
73,Sample data number 73,730000
74,Sample data number 74,740000
75,Sample data number 75,750000
76,Sample data number 76,760000
77,Sample data number 77,770000
78,Sample data number 78,780000
79,Sample data number 79,790000
80,Sample data number 80,800000
81,Sample data number 81,810000
82,Sample data number 82,820000
83,Sample data number 83,830000
84,Sample data number 84,840000
85,Sample data number 85,850000
86,Sample data number 86,860000
87,Sample data number 87,870000
88,Sample data number 88,880000
89,Sample data number 89,890000
90,Sample data number 90,900000
91,Sample data number 91,910000
92,Sample data number 92,920000
93,Sample data number 93,930000
94,Sample data number 94,940000
95,Sample data number 95,950000
96,Sample data number 96,960000
97,Sample data number 97,970000
98,Sample data number 98,980000
99,Sample data number 99,990000
100,Sample data number 100,1000000
101,Sample data number 101,1010000
102,Sample data number 102,1020000
103,Sample data number 103,1030000
104,Sample data number 104,1040000
105,Sample data number 105,1050000
106,Sample data number 106,1060000
107,Sample data number 107,1070000
108,Sample data number 108,1080000
109,Sample data number 109,1090000
110,Sample data number 110,1100000
111,Sample data number 111,1110000
112,Sample data number 112,1120000
113,Sample data number 113,1130000
114,Sample data number 114,1140000
115,Sample data number 115,1150000
116,Sample data number 116,1160000
117,Sample data number 117,1170000
118,Sample data number 118,1180000
119,Sample data number 119,1190000
120,Sample data number 120,1200000
121,Sample data number 121,1210000
122,Sample data number 122,1220000
123,Sample data number 123,1230000
124,Sample data number 124,1240000
125,Sample data number 125,1250000
126,Sample data number 126,1260000
127,Sample data number 127,1270000
128,Sample data number 128,1280000
129,Sample data number 129,1290000
130,Sample data number 130,1300000
131,Sample data number 131,1310000
132,Sample data number 132,1320000
133,Sample data number 133,1330000
134,Sample data number 134,1340000
135,Sample data number 135,1350000
136,Sample data number 136,1360000
137,Sample data number 137,1370000
138,Sample data number 138,1380000
139,Sample data number 139,1390000
140,Sample data number 140,1400000
141,Sample data number 141,1410000
142,Sample data number 142,1420000
143,Sample data number 143,1430000
144,Sample data number 144,1440000
145,Sample data number 145,1450000
146,Sample data number 146,1460000
147,Sample data number 147,1470000
148,Sample data number 148,1480000
149,Sample data number 149,1490000
150,Sample data number 150,1500000
151,Sample data number 151,1510000
152,Sample data number 152,1520000
153,Sample data number 153,1530000
154,Sample data number 154,1540000
155,Sample data number 155,1550000
156,Sample data number 156,1560000
157,Sample data number 157,1570000
158,Sample data number 158,1580000
159,Sample data number 159,1590000
160,Sample data number 160,1600000
161,Sample data number 161,1610000
162,Sample data number 162,1620000
163,Sample data number 163,1630000
164,Sample data number 164,1640000
165,Sample data number 165,1650000
166,Sample data number 166,1660000
167,Sample data number 167,1670000
168,Sample data number 168,1680000
169,Sample data number 169,1690000
170,Sample data number 170,1700000
171,Sample data number 171,1710000
172,Sample data number 172,1720000
173,Sample data number 173,1730000
174,Sample data number 174,1740000
175,Sample data number 175,1750000
176,Sample data number 176,1760000
177,Sample data number 177,1770000
178,Sample data number 178,1780000
179,Sample data number 179,1790000
180,Sample data number 180,1800000
181,Sample data number 181,1810000
182,Sample data number 182,1820000
183,Sample data number 183,1830000
184,Sample data number 184,1840000
185,Sample data number 185,1850000
186,Sample data number 186,1860000
187,Sample data number 187,1870000
188,Sample data number 188,1880000
189,Sample data number 189,1890000
190,Sample data number 190,1900000
191,Sample data number 191,1910000
192,Sample data number 192,1920000
193,Sample data number 193,1930000
194,Sample data number 194,1940000
195,Sample data number 195,1950000
196,Sample data number 196,1960000
197,Sample data number 197,1970000
198,Sample data number 198,1980000
199,Sample data number 199,1990000
200,Sample data number 200,2000000
201,Sample data number 201,2010000
202,Sample data number 202,2020000
203,Sample data number 203,2030000
204,Sample data number 204,2040000
205,Sample data number 205,2050000
206,Sample data number 206,2060000
207,Sample data number 207,2070000
208,Sample data number 208,2080000
209,Sample data number 209,2090000
210,Sample data number 210,2100000
211,Sample data number 211,2110000
212,Sample data number 212,2120000
213,Sample data number 213,2130000
214,Sample data number 214,2140000
215,Sample data number 215,2150000
216,Sample data number 216,2160000
217,Sample data number 217,2170000
218,Sample data number 218,2180000
219,Sample data number 219,2190000
220,Sample data number 220,2200000
221,Sample data number 221,2210000
222,Sample data number 222,2220000
223,Sample data number 223,2230000
224,Sample data number 224,2240000
225,Sample data number 225,2250000
226,Sample data number 226,2260000
227,Sample data number 227,2270000
228,Sample data number 228,2280000
229,Sample data number 229,2290000
230,Sample data number 230,2300000
231,Sample data number 231,2310000
232,Sample data number 232,2320000
233,Sample data number 233,2330000
234,Sample data number 234,2340000
235,Sample data number 235,2350000
236,Sample data number 236,2360000
237,Sample data number 237,2370000
238,Sample data number 238,2380000
239,Sample data number 239,2390000
240,Sample data number 240,2400000
241,Sample data number 241,2410000
242,Sample data number 242,2420000
243,Sample data number 243,2430000
244,Sample data number 244,2440000
245,Sample data number 245,2450000
246,Sample data number 246,2460000
247,Sample data number 247,2470000
248,Sample data number 248,2480000
249,Sample data number 249,2490000
250,Sample data number 250,2500000
251,Sample data number 251,2510000
252,Sample data number 252,2520000
253,Sample data number 253,2530000
254,Sample data number 254,2540000
255,Sample data number 255,2550000
256,Sample data number 256,2560000
257,Sample data number 257,2570000
258,Sample data number 258,2580000
259,Sample data number 259,2590000
260,Sample data number 260,2600000
261,Sample data number 261,2610000
262,Sample data number 262,2620000
263,Sample data number 263,2630000
264,Sample data number 264,2640000
265,Sample data number 265,2650000
266,Sample data number 266,2660000
267,Sample data number 267,2670000
268,Sample data number 268,2680000
269,Sample data number 269,2690000
270,Sample data number 270,2700000
271,Sample data number 271,2710000
272,Sample data number 272,2720000
273,Sample data number 273,2730000
274,Sample data number 274,2740000
275,Sample data number 275,2750000
276,Sample data number 276,2760000
277,Sample data number 277,2770000
278,Sample data number 278,2780000
279,Sample data number 279,2790000
280,Sample data number 280,2800000
281,Sample data number 281,2810000
282,Sample data number 282,2820000
283,Sample data number 283,2830000
284,Sample data number 284,2840000
285,Sample data number 285,2850000
286,Sample data number 286,2860000
287,Sample data number 287,2870000
288,Sample data number 288,2880000
289,Sample data number 289,2890000
290,Sample data number 290,2900000
291,Sample data number 291,2910000
292,Sample data number 292,2920000
293,Sample data number 293,2930000
294,Sample data number 294,2940000
295,Sample data number 295,2950000
296,Sample data number 296,2960000
297,Sample data number 297,2970000
298,Sample data number 298,2980000
299,Sample data number 299,2990000
300,Sample data number 300,3000000
301,Sample data number 301,3010000
302,Sample data number 302,3020000
303,Sample data number 303,3030000
304,Sample data number 304,3040000
305,Sample data number 305,3050000
306,Sample data number 306,3060000
307,Sample data number 307,3070000
308,Sample data number 308,3080000
309,Sample data number 309,3090000
310,Sample data number 310,3100000
311,Sample data number 311,3110000
312,Sample data number 312,3120000
313,Sample data number 313,3130000
314,Sample data number 314,3140000
315,Sample data number 315,3150000
316,Sample data number 316,3160000
317,Sample data number 317,3170000
318,Sample data number 318,3180000
319,Sample data number 319,3190000
320,Sample data number 320,3200000
321,Sample data number 321,3210000
322,Sample data number 322,3220000
323,Sample data number 323,3230000
324,Sample data number 324,3240000
325,Sample data number 325,3250000
326,Sample data number 326,3260000
327,Sample data number 327,3270000
328,Sample data number 328,3280000
329,Sample data number 329,3290000
330,Sample data number 330,3300000
331,Sample data number 331,3310000
332,Sample data number 332,3320000
333,Sample data number 333,3330000
334,Sample data number 334,3340000
335,Sample data number 335,3350000
336,Sample data number 336,3360000
337,Sample data number 337,3370000
338,Sample data number 338,3380000
339,Sample data number 339,3390000
340,Sample data number 340,3400000
341,Sample data number 341,3410000
342,Sample data number 342,3420000
343,Sample data number 343,3430000
344,Sample data number 344,3440000
345,Sample data number 345,3450000
346,Sample data number 346,3460000
347,Sample data number 347,3470000
348,Sample data number 348,3480000
349,Sample data number 349,3490000
350,Sample data number 350,3500000
351,Sample data number 351,3510000
352,Sample data number 352,3520000
353,Sample data number 353,3530000
354,Sample data number 354,3540000
355,Sample data number 355,3550000
356,Sample data number 356,3560000
357,Sample data number 357,3570000
358,Sample data number 358,3580000
359,Sample data number 359,3590000
360,Sample data number 360,3600000
361,Sample data number 361,3610000
362,Sample data number 362,3620000
363,Sample data number 363,3630000
364,Sample data number 364,3640000
365,Sample data number 365,3650000
366,Sample data number 366,3660000
367,Sample data number 367,3670000
368,Sample data number 368,3680000
369,Sample data number 369,3690000
370,Sample data number 370,3700000
371,Sample data number 371,3710000
372,Sample data number 372,3720000
373,Sample data number 373,3730000
374,Sample data number 374,3740000
375,Sample data number 375,3750000
376,Sample data number 376,3760000
377,Sample data number 377,3770000
378,Sample data number 378,3780000
379,Sample data number 379,3790000
380,Sample data number 380,3800000
381,Sample data number 381,3810000
382,Sample data number 382,3820000
383,Sample data number 383,3830000
384,Sample data number 384,3840000
385,Sample data number 385,3850000
386,Sample data number 386,3860000
387,Sample data number 387,3870000
388,Sample data number 388,3880000
389,Sample data number 389,3890000
390,Sample data number 390,3900000
391,Sample data number 391,3910000
392,Sample data number 392,3920000
393,Sample data number 393,3930000
394,Sample data number 394,3940000
395,Sample data number 395,3950000
396,Sample data number 396,3960000
397,Sample data number 397,3970000
398,Sample data number 398,3980000
399,Sample data number 399,3990000
400,Sample data number 400,4000000
401,Sample data number 401,4010000
402,Sample data number 402,4020000
403,Sample data number 403,4030000
404,Sample data number 404,4040000
405,Sample data number 405,4050000
406,Sample data number 406,4060000
407,Sample data number 407,4070000
408,Sample data number 408,4080000
409,Sample data number 409,4090000
410,Sample data number 410,4100000
411,Sample data number 411,4110000
412,Sample data number 412,4120000
413,Sample data number 413,4130000
414,Sample data number 414,4140000
415,Sample data number 415,4150000
416,Sample data number 416,4160000
417,Sample data number 417,4170000
418,Sample data number 418,4180000
419,Sample data number 419,4190000
420,Sample data number 420,4200000
421,Sample data number 421,4210000
422,Sample data number 422,4220000
423,Sample data number 423,4230000
424,Sample data number 424,4240000
425,Sample data number 425,4250000
426,Sample data number 426,4260000
427,Sample data number 427,4270000
428,Sample data number 428,4280000
429,Sample data number 429,4290000
430,Sample data number 430,4300000
431,Sample data number 431,4310000
432,Sample data number 432,4320000
433,Sample data number 433,4330000
434,Sample data number 434,4340000
435,Sample data number 435,4350000
436,Sample data number 436,4360000
437,Sample data number 437,4370000
438,Sample data number 438,4380000
439,Sample data number 439,4390000
440,Sample data number 440,4400000
441,Sample data number 441,4410000
442,Sample data number 442,4420000
443,Sample data number 443,4430000
444,Sample data number 444,4440000
445,Sample data number 445,4450000
446,Sample data number 446,4460000
447,Sample data number 447,4470000
448,Sample data number 448,4480000
449,Sample data number 449,4490000
450,Sample data number 450,4500000
451,Sample data number 451,4510000
452,Sample data number 452,4520000
453,Sample data number 453,4530000
454,Sample data number 454,4540000
455,Sample data number 455,4550000
456,Sample data number 456,4560000
457,Sample data number 457,4570000
458,Sample data number 458,4580000
459,Sample data number 459,4590000
460,Sample data number 460,4600000
461,Sample data number 461,4610000
462,Sample data number 462,4620000
463,Sample data number 463,4630000
464,Sample data number 464,4640000
465,Sample data number 465,4650000
466,Sample data number 466,4660000
467,Sample data number 467,4670000
468,Sample data number 468,4680000
469,Sample data number 469,4690000
470,Sample data number 470,4700000
471,Sample data number 471,4710000
472,Sample data number 472,4720000
473,Sample data number 473,4730000
474,Sample data number 474,4740000
475,Sample data number 475,4750000
476,Sample data number 476,4760000
477,Sample data number 477,4770000
478,Sample data number 478,4780000
479,Sample data number 479,4790000
480,Sample data number 480,4800000
481,Sample data number 481,4810000
482,Sample data number 482,4820000
483,Sample data number 483,4830000
484,Sample data number 484,4840000
485,Sample data number 485,4850000
486,Sample data number 486,4860000
487,Sample data number 487,4870000
488,Sample data number 488,4880000
489,Sample data number 489,4890000
490,Sample data number 490,4900000
491,Sample data number 491,4910000
492,Sample data number 492,4920000
493,Sample data number 493,4930000
494,Sample data number 494,4940000
495,Sample data number 495,4950000
496,Sample data number 496,4960000
497,Sample data number 497,4970000
498,Sample data number 498,4980000
499,Sample data number 499,4990000
500,Sample data number 500,5000000
501,Sample data number 501,5010000
502,Sample data number 502,5020000
503,Sample data number 503,5030000
504,Sample data number 504,5040000
505,Sample data number 505,5050000
506,Sample data number 506,5060000
507,Sample data number 507,5070000
508,Sample data number 508,5080000
509,Sample data number 509,5090000
510,Sample data number 510,5100000
511,Sample data number 511,5110000
512,Sample data number 512,5120000
513,Sample data number 513,5130000
514,Sample data number 514,5140000
515,Sample data number 515,5150000
516,Sample data number 516,5160000
517,Sample data number 517,5170000
518,Sample data number 518,5180000
519,Sample data number 519,5190000
520,Sample data number 520,5200000
521,Sample data number 521,5210000
522,Sample data number 522,5220000
523,Sample data number 523,5230000
524,Sample data number 524,5240000
525,Sample data number 525,5250000
526,Sample data number 526,5260000
527,Sample data number 527,5270000
528,Sample data number 528,5280000
529,Sample data number 529,5290000
530,Sample data number 530,5300000
531,Sample data number 531,5310000
532,Sample data number 532,5320000
533,Sample data number 533,5330000
534,Sample data number 534,5340000
535,Sample data number 535,5350000
536,Sample data number 536,5360000
537,Sample data number 537,5370000
538,Sample data number 538,5380000
539,Sample data number 539,5390000
540,Sample data number 540,5400000
541,Sample data number 541,5410000
542,Sample data number 542,5420000
543,Sample data number 543,5430000
544,Sample data number 544,5440000
545,Sample data number 545,5450000
546,Sample data number 546,5460000
547,Sample data number 547,5470000
548,Sample data number 548,5480000
549,Sample data number 549,5490000
550,Sample data number 550,5500000
551,Sample data number 551,5510000
552,Sample data number 552,5520000
553,Sample data number 553,5530000
554,Sample data number 554,5540000
555,Sample data number 555,5550000
556,Sample data number 556,5560000
557,Sample data number 557,5570000
558,Sample data number 558,5580000
559,Sample data number 559,5590000
560,Sample data number 560,5600000
561,Sample data number 561,5610000
562,Sample data number 562,5620000
563,Sample data number 563,5630000
564,Sample data number 564,5640000
565,Sample data number 565,5650000
566,Sample data number 566,5660000
567,Sample data number 567,5670000
568,Sample data number 568,5680000
569,Sample data number 569,5690000
570,Sample data number 570,5700000
571,Sample data number 571,5710000
572,Sample data number 572,5720000
573,Sample data number 573,5730000
574,Sample data number 574,5740000
575,Sample data number 575,5750000
576,Sample data number 576,5760000
577,Sample data number 577,5770000
578,Sample data number 578,5780000
579,Sample data number 579,5790000
580,Sample data number 580,5800000
581,Sample data number 581,5810000
582,Sample data number 582,5820000
583,Sample data number 583,5830000
584,Sample data number 584,5840000
585,Sample data number 585,5850000
586,Sample data number 586,5860000
587,Sample data number 587,5870000
588,Sample data number 588,5880000
589,Sample data number 589,5890000
590,Sample data number 590,5900000
591,Sample data number 591,5910000
592,Sample data number 592,5920000
593,Sample data number 593,5930000
594,Sample data number 594,5940000
595,Sample data number 595,5950000
596,Sample data number 596,5960000
597,Sample data number 597,5970000
598,Sample data number 598,5980000
599,Sample data number 599,5990000
600,Sample data number 600,6000000
601,Sample data number 601,6010000
602,Sample data number 602,6020000
603,Sample data number 603,6030000
604,Sample data number 604,6040000
605,Sample data number 605,6050000
606,Sample data number 606,6060000
607,Sample data number 607,6070000
608,Sample data number 608,6080000
609,Sample data number 609,6090000
610,Sample data number 610,6100000
611,Sample data number 611,6110000
612,Sample data number 612,6120000
613,Sample data number 613,6130000
614,Sample data number 614,6140000
615,Sample data number 615,6150000
616,Sample data number 616,6160000
617,Sample data number 617,6170000
618,Sample data number 618,6180000
619,Sample data number 619,6190000
620,Sample data number 620,6200000
621,Sample data number 621,6210000
622,Sample data number 622,6220000
623,Sample data number 623,6230000
624,Sample data number 624,6240000
625,Sample data number 625,6250000
626,Sample data number 626,6260000
627,Sample data number 627,6270000
628,Sample data number 628,6280000
629,Sample data number 629,6290000
630,Sample data number 630,6300000
631,Sample data number 631,6310000
632,Sample data number 632,6320000
633,Sample data number 633,6330000
634,Sample data number 634,6340000
635,Sample data number 635,6350000
636,Sample data number 636,6360000
637,Sample data number 637,6370000
638,Sample data number 638,6380000
639,Sample data number 639,6390000
640,Sample data number 640,6400000
641,Sample data number 641,6410000
642,Sample data number 642,6420000
643,Sample data number 643,6430000
644,Sample data number 644,6440000
645,Sample data number 645,6450000
646,Sample data number 646,6460000
647,Sample data number 647,6470000
648,Sample data number 648,6480000
649,Sample data number 649,6490000
650,Sample data number 650,6500000
651,Sample data number 651,6510000
652,Sample data number 652,6520000
653,Sample data number 653,6530000
654,Sample data number 654,6540000
655,Sample data number 655,6550000
656,Sample data number 656,6560000
657,Sample data number 657,6570000
658,Sample data number 658,6580000
659,Sample data number 659,6590000
660,Sample data number 660,6600000
661,Sample data number 661,6610000
662,Sample data number 662,6620000
663,Sample data number 663,6630000
664,Sample data number 664,6640000
665,Sample data number 665,6650000
666,Sample data number 666,6660000
667,Sample data number 667,6670000
668,Sample data number 668,6680000
669,Sample data number 669,6690000
670,Sample data number 670,6700000
671,Sample data number 671,6710000
672,Sample data number 672,6720000
673,Sample data number 673,6730000
674,Sample data number 674,6740000
675,Sample data number 675,6750000
676,Sample data number 676,6760000
677,Sample data number 677,6770000
678,Sample data number 678,6780000
679,Sample data number 679,6790000
680,Sample data number 680,6800000
681,Sample data number 681,6810000
682,Sample data number 682,6820000
683,Sample data number 683,6830000
684,Sample data number 684,6840000
685,Sample data number 685,6850000
686,Sample data number 686,6860000
687,Sample data number 687,6870000
688,Sample data number 688,6880000
689,Sample data number 689,6890000
690,Sample data number 690,6900000
691,Sample data number 691,6910000
692,Sample data number 692,6920000
693,Sample data number 693,6930000
694,Sample data number 694,6940000
695,Sample data number 695,6950000
696,Sample data number 696,6960000
697,Sample data number 697,6970000
698,Sample data number 698,6980000
699,Sample data number 699,6990000
700,Sample data number 700,7000000
701,Sample data number 701,7010000
702,Sample data number 702,7020000
703,Sample data number 703,7030000
704,Sample data number 704,7040000
705,Sample data number 705,7050000
706,Sample data number 706,7060000
707,Sample data number 707,7070000
708,Sample data number 708,7080000
709,Sample data number 709,7090000
710,Sample data number 710,7100000
711,Sample data number 711,7110000
712,Sample data number 712,7120000
713,Sample data number 713,7130000
714,Sample data number 714,7140000
715,Sample data number 715,7150000
716,Sample data number 716,7160000
717,Sample data number 717,7170000
718,Sample data number 718,7180000
719,Sample data number 719,7190000
720,Sample data number 720,7200000
721,Sample data number 721,7210000
722,Sample data number 722,7220000
723,Sample data number 723,7230000
724,Sample data number 724,7240000
725,Sample data number 725,7250000
726,Sample data number 726,7260000
727,Sample data number 727,7270000
728,Sample data number 728,7280000
729,Sample data number 729,7290000
730,Sample data number 730,7300000
731,Sample data number 731,7310000
732,Sample data number 732,7320000
733,Sample data number 733,7330000
734,Sample data number 734,7340000
735,Sample data number 735,7350000
736,Sample data number 736,7360000
737,Sample data number 737,7370000
738,Sample data number 738,7380000
739,Sample data number 739,7390000
740,Sample data number 740,7400000
741,Sample data number 741,7410000
742,Sample data number 742,7420000
743,Sample data number 743,7430000
744,Sample data number 744,7440000
745,Sample data number 745,7450000
746,Sample data number 746,7460000
747,Sample data number 747,7470000
748,Sample data number 748,7480000
749,Sample data number 749,7490000
750,Sample data number 750,7500000
751,Sample data number 751,7510000
752,Sample data number 752,7520000
753,Sample data number 753,7530000
754,Sample data number 754,7540000
755,Sample data number 755,7550000
756,Sample data number 756,7560000
757,Sample data number 757,7570000
758,Sample data number 758,7580000
759,Sample data number 759,7590000
760,Sample data number 760,7600000
761,Sample data number 761,7610000
762,Sample data number 762,7620000
763,Sample data number 763,7630000
764,Sample data number 764,7640000
765,Sample data number 765,7650000
766,Sample data number 766,7660000
767,Sample data number 767,7670000
768,Sample data number 768,7680000
769,Sample data number 769,7690000
770,Sample data number 770,7700000
771,Sample data number 771,7710000
772,Sample data number 772,7720000
773,Sample data number 773,7730000
774,Sample data number 774,7740000
775,Sample data number 775,7750000
776,Sample data number 776,7760000
777,Sample data number 777,7770000
778,Sample data number 778,7780000
779,Sample data number 779,7790000
780,Sample data number 780,7800000
781,Sample data number 781,7810000
782,Sample data number 782,7820000
783,Sample data number 783,7830000
784,Sample data number 784,7840000
785,Sample data number 785,7850000
786,Sample data number 786,7860000
787,Sample data number 787,7870000
788,Sample data number 788,7880000
789,Sample data number 789,7890000
790,Sample data number 790,7900000
791,Sample data number 791,7910000
792,Sample data number 792,7920000
793,Sample data number 793,7930000
794,Sample data number 794,7940000
795,Sample data number 795,7950000
796,Sample data number 796,7960000
797,Sample data number 797,7970000
798,Sample data number 798,7980000
799,Sample data number 799,7990000
800,Sample data number 800,8000000
801,Sample data number 801,8010000
802,Sample data number 802,8020000
803,Sample data number 803,8030000
804,Sample data number 804,8040000
805,Sample data number 805,8050000
806,Sample data number 806,8060000
807,Sample data number 807,8070000
808,Sample data number 808,8080000
809,Sample data number 809,8090000
810,Sample data number 810,8100000
811,Sample data number 811,8110000
812,Sample data number 812,8120000
813,Sample data number 813,8130000
814,Sample data number 814,8140000
815,Sample data number 815,8150000
816,Sample data number 816,8160000
817,Sample data number 817,8170000
818,Sample data number 818,8180000
819,Sample data number 819,8190000
820,Sample data number 820,8200000
821,Sample data number 821,8210000
822,Sample data number 822,8220000
823,Sample data number 823,8230000
824,Sample data number 824,8240000
825,Sample data number 825,8250000
826,Sample data number 826,8260000
827,Sample data number 827,8270000
828,Sample data number 828,8280000
829,Sample data number 829,8290000
830,Sample data number 830,8300000
831,Sample data number 831,8310000
832,Sample data number 832,8320000
833,Sample data number 833,8330000
834,Sample data number 834,8340000
835,Sample data number 835,8350000
836,Sample data number 836,8360000
837,Sample data number 837,8370000
838,Sample data number 838,8380000
839,Sample data number 839,8390000
840,Sample data number 840,8400000
841,Sample data number 841,8410000
842,Sample data number 842,8420000
843,Sample data number 843,8430000
844,Sample data number 844,8440000
845,Sample data number 845,8450000
846,Sample data number 846,8460000
847,Sample data number 847,8470000
848,Sample data number 848,8480000
849,Sample data number 849,8490000
850,Sample data number 850,8500000
851,Sample data number 851,8510000
852,Sample data number 852,8520000
853,Sample data number 853,8530000
854,Sample data number 854,8540000
855,Sample data number 855,8550000
856,Sample data number 856,8560000
857,Sample data number 857,8570000
858,Sample data number 858,8580000
859,Sample data number 859,8590000
860,Sample data number 860,8600000
861,Sample data number 861,8610000
862,Sample data number 862,8620000
863,Sample data number 863,8630000
864,Sample data number 864,8640000
865,Sample data number 865,8650000
866,Sample data number 866,8660000
867,Sample data number 867,8670000
868,Sample data number 868,8680000
869,Sample data number 869,8690000
870,Sample data number 870,8700000
871,Sample data number 871,8710000
872,Sample data number 872,8720000
873,Sample data number 873,8730000
874,Sample data number 874,8740000
875,Sample data number 875,8750000
876,Sample data number 876,8760000
877,Sample data number 877,8770000
878,Sample data number 878,8780000
879,Sample data number 879,8790000
880,Sample data number 880,8800000
881,Sample data number 881,8810000
882,Sample data number 882,8820000
883,Sample data number 883,8830000
884,Sample data number 884,8840000
885,Sample data number 885,8850000
886,Sample data number 886,8860000
887,Sample data number 887,8870000
888,Sample data number 888,8880000
889,Sample data number 889,8890000
890,Sample data number 890,8900000
891,Sample data number 891,8910000
892,Sample data number 892,8920000
893,Sample data number 893,8930000
894,Sample data number 894,8940000
895,Sample data number 895,8950000
896,Sample data number 896,8960000
897,Sample data number 897,8970000
898,Sample data number 898,8980000
899,Sample data number 899,8990000
900,Sample data number 900,9000000
901,Sample data number 901,9010000
902,Sample data number 902,9020000
903,Sample data number 903,9030000
904,Sample data number 904,9040000
905,Sample data number 905,9050000
906,Sample data number 906,9060000
907,Sample data number 907,9070000
908,Sample data number 908,9080000
909,Sample data number 909,9090000
910,Sample data number 910,9100000
911,Sample data number 911,9110000
912,Sample data number 912,9120000
913,Sample data number 913,9130000
914,Sample data number 914,9140000
915,Sample data number 915,9150000
916,Sample data number 916,9160000
917,Sample data number 917,9170000
918,Sample data number 918,9180000
919,Sample data number 919,9190000
920,Sample data number 920,9200000
921,Sample data number 921,9210000
922,Sample data number 922,9220000
923,Sample data number 923,9230000
924,Sample data number 924,9240000
925,Sample data number 925,9250000
926,Sample data number 926,9260000
927,Sample data number 927,9270000
928,Sample data number 928,9280000
929,Sample data number 929,9290000
930,Sample data number 930,9300000
931,Sample data number 931,9310000
932,Sample data number 932,9320000
933,Sample data number 933,9330000
934,Sample data number 934,9340000
935,Sample data number 935,9350000
936,Sample data number 936,9360000
937,Sample data number 937,9370000
938,Sample data number 938,9380000
939,Sample data number 939,9390000
940,Sample data number 940,9400000
941,Sample data number 941,9410000
942,Sample data number 942,9420000
943,Sample data number 943,9430000
944,Sample data number 944,9440000
945,Sample data number 945,9450000
946,Sample data number 946,9460000
947,Sample data number 947,9470000
948,Sample data number 948,9480000
949,Sample data number 949,9490000
950,Sample data number 950,9500000
951,Sample data number 951,9510000
952,Sample data number 952,9520000
953,Sample data number 953,9530000
954,Sample data number 954,9540000
955,Sample data number 955,9550000
956,Sample data number 956,9560000
957,Sample data number 957,9570000
958,Sample data number 958,9580000
959,Sample data number 959,9590000
960,Sample data number 960,9600000
961,Sample data number 961,9610000
962,Sample data number 962,9620000
963,Sample data number 963,9630000
964,Sample data number 964,9640000
965,Sample data number 965,9650000
966,Sample data number 966,9660000
967,Sample data number 967,9670000
968,Sample data number 968,9680000
969,Sample data number 969,9690000
970,Sample data number 970,9700000
971,Sample data number 971,9710000
972,Sample data number 972,9720000
973,Sample data number 973,9730000
974,Sample data number 974,9740000
975,Sample data number 975,9750000
976,Sample data number 976,9760000
977,Sample data number 977,9770000
978,Sample data number 978,9780000
979,Sample data number 979,9790000
980,Sample data number 980,9800000
981,Sample data number 981,9810000
982,Sample data number 982,9820000
983,Sample data number 983,9830000
984,Sample data number 984,9840000
985,Sample data number 985,9850000
986,Sample data number 986,9860000
987,Sample data number 987,9870000
988,Sample data number 988,9880000
989,Sample data number 989,9890000
990,Sample data number 990,9900000
991,Sample data number 991,9910000
992,Sample data number 992,9920000
993,Sample data number 993,9930000
994,Sample data number 994,9940000
995,Sample data number 995,9950000
996,Sample data number 996,9960000
997,Sample data number 997,9970000
998,Sample data number 998,9980000
999,Sample data number 999,9990000
1000,Sample data number 1000,10000000
1001,Sample data number 1001,10010000
1002,Sample data number 1002,10020000
1003,Sample data number 1003,10030000
1004,Sample data number 1004,10040000
1005,Sample data number 1005,10050000
1006,Sample data number 1006,10060000
1007,Sample data number 1007,10070000
1008,Sample data number 1008,10080000
1009,Sample data number 1009,10090000
1010,Sample data number 1010,10100000
1011,Sample data number 1011,10110000
1012,Sample data number 1012,10120000
1013,Sample data number 1013,10130000
1014,Sample data number 1014,10140000
1015,Sample data number 1015,10150000
1016,Sample data number 1016,10160000
1017,Sample data number 1017,10170000
1018,Sample data number 1018,10180000
1019,Sample data number 1019,10190000
1020,Sample data number 1020,10200000
1021,Sample data number 1021,10210000
1022,Sample data number 1022,10220000
1023,Sample data number 1023,10230000
1024,Sample data number 1024,10240000
1025,Sample data number 1025,10250000
1026,Sample data number 1026,10260000
1027,Sample data number 1027,10270000
1028,Sample data number 1028,10280000
1029,Sample data number 1029,10290000
1030,Sample data number 1030,10300000
1031,Sample data number 1031,10310000
1032,Sample data number 1032,10320000
1033,Sample data number 1033,10330000
1034,Sample data number 1034,10340000
1035,Sample data number 1035,10350000
1036,Sample data number 1036,10360000
1037,Sample data number 1037,10370000
1038,Sample data number 1038,10380000
1039,Sample data number 1039,10390000
1040,Sample data number 1040,10400000
1041,Sample data number 1041,10410000
1042,Sample data number 1042,10420000
1043,Sample data number 1043,10430000
1044,Sample data number 1044,10440000
1045,Sample data number 1045,10450000
1046,Sample data number 1046,10460000
1047,Sample data number 1047,10470000
1048,Sample data number 1048,10480000
1049,Sample data number 1049,10490000
1050,Sample data number 1050,10500000
1051,Sample data number 1051,10510000
1052,Sample data number 1052,10520000
1053,Sample data number 1053,10530000
1054,Sample data number 1054,10540000
1055,Sample data number 1055,10550000
1056,Sample data number 1056,10560000
1057,Sample data number 1057,10570000
1058,Sample data number 1058,10580000
1059,Sample data number 1059,10590000
1060,Sample data number 1060,10600000
1061,Sample data number 1061,10610000
1062,Sample data number 1062,10620000
1063,Sample data number 1063,10630000
1064,Sample data number 1064,10640000
1065,Sample data number 1065,10650000
1066,Sample data number 1066,10660000
1067,Sample data number 1067,10670000
1068,Sample data number 1068,10680000
1069,Sample data number 1069,10690000
1070,Sample data number 1070,10700000
1071,Sample data number 1071,10710000
1072,Sample data number 1072,10720000
1073,Sample data number 1073,10730000
1074,Sample data number 1074,10740000
1075,Sample data number 1075,10750000
1076,Sample data number 1076,10760000
1077,Sample data number 1077,10770000
1078,Sample data number 1078,10780000
1079,Sample data number 1079,10790000
1080,Sample data number 1080,10800000
1081,Sample data number 1081,10810000
1082,Sample data number 1082,10820000
1083,Sample data number 1083,10830000
1084,Sample data number 1084,10840000
1085,Sample data number 1085,10850000
1086,Sample data number 1086,10860000
1087,Sample data number 1087,10870000
1088,Sample data number 1088,10880000
1089,Sample data number 1089,10890000
1090,Sample data number 1090,10900000
1091,Sample data number 1091,10910000
1092,Sample data number 1092,10920000
1093,Sample data number 1093,10930000
1094,Sample data number 1094,10940000
1095,Sample data number 1095,10950000
1096,Sample data number 1096,10960000
1097,Sample data number 1097,10970000
1098,Sample data number 1098,10980000
1099,Sample data number 1099,10990000
1100,Sample data number 1100,11000000
1101,Sample data number 1101,11010000
1102,Sample data number 1102,11020000
1103,Sample data number 1103,11030000
1104,Sample data number 1104,11040000
1105,Sample data number 1105,11050000
1106,Sample data number 1106,11060000
1107,Sample data number 1107,11070000
1108,Sample data number 1108,11080000
1109,Sample data number 1109,11090000
1110,Sample data number 1110,11100000
1111,Sample data number 1111,11110000
1112,Sample data number 1112,11120000
1113,Sample data number 1113,11130000
1114,Sample data number 1114,11140000
1115,Sample data number 1115,11150000
1116,Sample data number 1116,11160000
1117,Sample data number 1117,11170000
1118,Sample data number 1118,11180000
1119,Sample data number 1119,11190000
1120,Sample data number 1120,11200000
1121,Sample data number 1121,11210000
1122,Sample data number 1122,11220000
1123,Sample data number 1123,11230000
1124,Sample data number 1124,11240000
1125,Sample data number 1125,11250000
1126,Sample data number 1126,11260000
1127,Sample data number 1127,11270000
1128,Sample data number 1128,11280000
1129,Sample data number 1129,11290000
1130,Sample data number 1130,11300000
1131,Sample data number 1131,11310000
1132,Sample data number 1132,11320000
1133,Sample data number 1133,11330000
1134,Sample data number 1134,11340000
1135,Sample data number 1135,11350000
1136,Sample data number 1136,11360000
1137,Sample data number 1137,11370000
1138,Sample data number 1138,11380000
1139,Sample data number 1139,11390000
1140,Sample data number 1140,11400000
1141,Sample data number 1141,11410000
1142,Sample data number 1142,11420000
1143,Sample data number 1143,11430000
1144,Sample data number 1144,11440000
1145,Sample data number 1145,11450000
1146,Sample data number 1146,11460000
1147,Sample data number 1147,11470000
1148,Sample data number 1148,11480000
1149,Sample data number 1149,11490000
1150,Sample data number 1150,11500000
1151,Sample data number 1151,11510000
1152,Sample data number 1152,11520000
1153,Sample data number 1153,11530000
1154,Sample data number 1154,11540000
1155,Sample data number 1155,11550000
1156,Sample data number 1156,11560000
1157,Sample data number 1157,11570000
1158,Sample data number 1158,11580000
1159,Sample data number 1159,11590000
1160,Sample data number 1160,11600000
1161,Sample data number 1161,11610000
1162,Sample data number 1162,11620000
1163,Sample data number 1163,11630000
1164,Sample data number 1164,11640000
1165,Sample data number 1165,11650000
1166,Sample data number 1166,11660000
1167,Sample data number 1167,11670000
1168,Sample data number 1168,11680000
1169,Sample data number 1169,11690000
1170,Sample data number 1170,11700000
1171,Sample data number 1171,11710000
1172,Sample data number 1172,11720000
1173,Sample data number 1173,11730000
1174,Sample data number 1174,11740000
1175,Sample data number 1175,11750000
1176,Sample data number 1176,11760000
1177,Sample data number 1177,11770000
1178,Sample data number 1178,11780000
1179,Sample data number 1179,11790000
1180,Sample data number 1180,11800000
1181,Sample data number 1181,11810000
1182,Sample data number 1182,11820000
1183,Sample data number 1183,11830000
1184,Sample data number 1184,11840000
1185,Sample data number 1185,11850000
1186,Sample data number 1186,11860000
1187,Sample data number 1187,11870000
1188,Sample data number 1188,11880000
1189,Sample data number 1189,11890000
1190,Sample data number 1190,11900000
1191,Sample data number 1191,11910000
1192,Sample data number 1192,11920000
1193,Sample data number 1193,11930000
1194,Sample data number 1194,11940000
1195,Sample data number 1195,11950000
1196,Sample data number 1196,11960000
1197,Sample data number 1197,11970000
1198,Sample data number 1198,11980000
1199,Sample data number 1199,11990000
1200,Sample data number 1200,12000000
1201,Sample data number 1201,12010000
1202,Sample data number 1202,12020000
1203,Sample data number 1203,12030000
1204,Sample data number 1204,12040000
1205,Sample data number 1205,12050000
1206,Sample data number 1206,12060000
1207,Sample data number 1207,12070000
1208,Sample data number 1208,12080000
1209,Sample data number 1209,12090000
1210,Sample data number 1210,12100000
1211,Sample data number 1211,12110000
1212,Sample data number 1212,12120000
1213,Sample data number 1213,12130000
1214,Sample data number 1214,12140000
1215,Sample data number 1215,12150000
1216,Sample data number 1216,12160000
1217,Sample data number 1217,12170000
1218,Sample data number 1218,12180000
1219,Sample data number 1219,12190000
1220,Sample data number 1220,12200000
1221,Sample data number 1221,12210000
1222,Sample data number 1222,12220000
1223,Sample data number 1223,12230000
1224,Sample data number 1224,12240000
1225,Sample data number 1225,12250000
1226,Sample data number 1226,12260000
1227,Sample data number 1227,12270000
1228,Sample data number 1228,12280000
1229,Sample data number 1229,12290000
1230,Sample data number 1230,12300000
1231,Sample data number 1231,12310000
1232,Sample data number 1232,12320000
1233,Sample data number 1233,12330000
1234,Sample data number 1234,12340000
1235,Sample data number 1235,12350000
1236,Sample data number 1236,12360000
1237,Sample data number 1237,12370000
1238,Sample data number 1238,12380000
1239,Sample data number 1239,12390000
1240,Sample data number 1240,12400000
1241,Sample data number 1241,12410000
1242,Sample data number 1242,12420000
1243,Sample data number 1243,12430000
1244,Sample data number 1244,12440000
1245,Sample data number 1245,12450000
1246,Sample data number 1246,12460000
1247,Sample data number 1247,12470000
1248,Sample data number 1248,12480000
1249,Sample data number 1249,12490000
1250,Sample data number 1250,12500000
1251,Sample data number 1251,12510000
1252,Sample data number 1252,12520000
1253,Sample data number 1253,12530000
1254,Sample data number 1254,12540000
1255,Sample data number 1255,12550000
1256,Sample data number 1256,12560000
1257,Sample data number 1257,12570000
1258,Sample data number 1258,12580000
1259,Sample data number 1259,12590000
1260,Sample data number 1260,12600000
1261,Sample data number 1261,12610000
1262,Sample data number 1262,12620000
1263,Sample data number 1263,12630000
1264,Sample data number 1264,12640000
1265,Sample data number 1265,12650000
1266,Sample data number 1266,12660000
1267,Sample data number 1267,12670000
1268,Sample data number 1268,12680000
1269,Sample data number 1269,12690000
1270,Sample data number 1270,12700000
1271,Sample data number 1271,12710000
1272,Sample data number 1272,12720000
1273,Sample data number 1273,12730000
1274,Sample data number 1274,12740000
1275,Sample data number 1275,12750000
1276,Sample data number 1276,12760000
1277,Sample data number 1277,12770000
1278,Sample data number 1278,12780000
1279,Sample data number 1279,12790000
1280,Sample data number 1280,12800000
1281,Sample data number 1281,12810000
1282,Sample data number 1282,12820000
1283,Sample data number 1283,12830000
1284,Sample data number 1284,12840000
1285,Sample data number 1285,12850000
1286,Sample data number 1286,12860000
1287,Sample data number 1287,12870000
1288,Sample data number 1288,12880000
1289,Sample data number 1289,12890000
1290,Sample data number 1290,12900000
1291,Sample data number 1291,12910000
1292,Sample data number 1292,12920000
1293,Sample data number 1293,12930000
1294,Sample data number 1294,12940000
1295,Sample data number 1295,12950000
1296,Sample data number 1296,12960000
1297,Sample data number 1297,12970000
1298,Sample data number 1298,12980000
1299,Sample data number 1299,12990000
1300,Sample data number 1300,13000000
1301,Sample data number 1301,13010000
1302,Sample data number 1302,13020000
1303,Sample data number 1303,13030000
1304,Sample data number 1304,13040000
1305,Sample data number 1305,13050000
1306,Sample data number 1306,13060000
1307,Sample data number 1307,13070000
1308,Sample data number 1308,13080000
1309,Sample data number 1309,13090000
1310,Sample data number 1310,13100000
1311,Sample data number 1311,13110000
1312,Sample data number 1312,13120000
1313,Sample data number 1313,13130000
1314,Sample data number 1314,13140000
1315,Sample data number 1315,13150000
1316,Sample data number 1316,13160000
1317,Sample data number 1317,13170000
1318,Sample data number 1318,13180000
1319,Sample data number 1319,13190000
1320,Sample data number 1320,13200000
1321,Sample data number 1321,13210000
1322,Sample data number 1322,13220000
1323,Sample data number 1323,13230000
1324,Sample data number 1324,13240000
1325,Sample data number 1325,13250000
1326,Sample data number 1326,13260000
1327,Sample data number 1327,13270000
1328,Sample data number 1328,13280000
1329,Sample data number 1329,13290000
1330,Sample data number 1330,13300000
1331,Sample data number 1331,13310000
1332,Sample data number 1332,13320000
1333,Sample data number 1333,13330000
1334,Sample data number 1334,13340000
1335,Sample data number 1335,13350000
1336,Sample data number 1336,13360000
1337,Sample data number 1337,13370000
1338,Sample data number 1338,13380000
1339,Sample data number 1339,13390000
1340,Sample data number 1340,13400000
1341,Sample data number 1341,13410000
1342,Sample data number 1342,13420000
1343,Sample data number 1343,13430000
1344,Sample data number 1344,13440000
1345,Sample data number 1345,13450000
1346,Sample data number 1346,13460000
1347,Sample data number 1347,13470000
1348,Sample data number 1348,13480000
1349,Sample data number 1349,13490000
1350,Sample data number 1350,13500000
1351,Sample data number 1351,13510000
1352,Sample data number 1352,13520000
1353,Sample data number 1353,13530000
1354,Sample data number 1354,13540000
1355,Sample data number 1355,13550000
1356,Sample data number 1356,13560000
1357,Sample data number 1357,13570000
1358,Sample data number 1358,13580000
1359,Sample data number 1359,13590000
1360,Sample data number 1360,13600000
1361,Sample data number 1361,13610000
1362,Sample data number 1362,13620000
1363,Sample data number 1363,13630000
1364,Sample data number 1364,13640000
1365,Sample data number 1365,13650000
1366,Sample data number 1366,13660000
1367,Sample data number 1367,13670000
1368,Sample data number 1368,13680000
1369,Sample data number 1369,13690000
1370,Sample data number 1370,13700000
1371,Sample data number 1371,13710000
1372,Sample data number 1372,13720000
1373,Sample data number 1373,13730000
1374,Sample data number 1374,13740000
1375,Sample data number 1375,13750000
1376,Sample data number 1376,13760000
1377,Sample data number 1377,13770000
1378,Sample data number 1378,13780000
1379,Sample data number 1379,13790000
1380,Sample data number 1380,13800000
1381,Sample data number 1381,13810000
1382,Sample data number 1382,13820000
1383,Sample data number 1383,13830000
1384,Sample data number 1384,13840000
1385,Sample data number 1385,13850000
1386,Sample data number 1386,13860000
1387,Sample data number 1387,13870000
1388,Sample data number 1388,13880000
1389,Sample data number 1389,13890000
1390,Sample data number 1390,13900000
1391,Sample data number 1391,13910000
1392,Sample data number 1392,13920000
1393,Sample data number 1393,13930000
1394,Sample data number 1394,13940000
1395,Sample data number 1395,13950000
1396,Sample data number 1396,13960000
1397,Sample data number 1397,13970000
1398,Sample data number 1398,13980000
1399,Sample data number 1399,13990000
1400,Sample data number 1400,14000000
1401,Sample data number 1401,14010000
1402,Sample data number 1402,14020000
1403,Sample data number 1403,14030000
1404,Sample data number 1404,14040000
1405,Sample data number 1405,14050000
1406,Sample data number 1406,14060000
1407,Sample data number 1407,14070000
1408,Sample data number 1408,14080000
1409,Sample data number 1409,14090000
1410,Sample data number 1410,14100000
1411,Sample data number 1411,14110000
1412,Sample data number 1412,14120000
1413,Sample data number 1413,14130000
1414,Sample data number 1414,14140000
1415,Sample data number 1415,14150000
1416,Sample data number 1416,14160000
1417,Sample data number 1417,14170000
1418,Sample data number 1418,14180000
1419,Sample data number 1419,14190000
1420,Sample data number 1420,14200000
1421,Sample data number 1421,14210000
1422,Sample data number 1422,14220000
1423,Sample data number 1423,14230000
1424,Sample data number 1424,14240000
1425,Sample data number 1425,14250000
1426,Sample data number 1426,14260000
1427,Sample data number 1427,14270000
1428,Sample data number 1428,14280000
1429,Sample data number 1429,14290000
1430,Sample data number 1430,14300000
1431,Sample data number 1431,14310000
1432,Sample data number 1432,14320000
1433,Sample data number 1433,14330000
1434,Sample data number 1434,14340000
1435,Sample data number 1435,14350000
1436,Sample data number 1436,14360000
1437,Sample data number 1437,14370000
1438,Sample data number 1438,14380000
1439,Sample data number 1439,14390000
1440,Sample data number 1440,14400000
1441,Sample data number 1441,14410000
1442,Sample data number 1442,14420000
1443,Sample data number 1443,14430000
1444,Sample data number 1444,14440000
1445,Sample data number 1445,14450000
1446,Sample data number 1446,14460000
1447,Sample data number 1447,14470000
1448,Sample data number 1448,14480000
1449,Sample data number 1449,14490000
1450,Sample data number 1450,14500000
1451,Sample data number 1451,14510000
1452,Sample data number 1452,14520000
1453,Sample data number 1453,14530000
1454,Sample data number 1454,14540000
1455,Sample data number 1455,14550000
1456,Sample data number 1456,14560000
1457,Sample data number 1457,14570000
1458,Sample data number 1458,14580000
1459,Sample data number 1459,14590000
1460,Sample data number 1460,14600000
1461,Sample data number 1461,14610000
1462,Sample data number 1462,14620000
1463,Sample data number 1463,14630000
1464,Sample data number 1464,14640000
1465,Sample data number 1465,14650000
1466,Sample data number 1466,14660000
1467,Sample data number 1467,14670000
1468,Sample data number 1468,14680000
1469,Sample data number 1469,14690000
1470,Sample data number 1470,14700000
1471,Sample data number 1471,14710000
1472,Sample data number 1472,14720000
1473,Sample data number 1473,14730000
1474,Sample data number 1474,14740000
1475,Sample data number 1475,14750000
1476,Sample data number 1476,14760000
1477,Sample data number 1477,14770000
1478,Sample data number 1478,14780000
1479,Sample data number 1479,14790000
1480,Sample data number 1480,14800000
1481,Sample data number 1481,14810000
1482,Sample data number 1482,14820000
1483,Sample data number 1483,14830000
1484,Sample data number 1484,14840000
1485,Sample data number 1485,14850000
1486,Sample data number 1486,14860000
1487,Sample data number 1487,14870000
1488,Sample data number 1488,14880000
1489,Sample data number 1489,14890000
1490,Sample data number 1490,14900000
1491,Sample data number 1491,14910000
1492,Sample data number 1492,14920000
1493,Sample data number 1493,14930000
1494,Sample data number 1494,14940000
1495,Sample data number 1495,14950000
1496,Sample data number 1496,14960000
1497,Sample data number 1497,14970000
1498,Sample data number 1498,14980000
1499,Sample data number 1499,14990000
1500,Sample data number 1500,15000000
1501,Sample data number 1501,15010000
1502,Sample data number 1502,15020000
1503,Sample data number 1503,15030000
1504,Sample data number 1504,15040000
1505,Sample data number 1505,15050000
1506,Sample data number 1506,15060000
1507,Sample data number 1507,15070000
1508,Sample data number 1508,15080000
1509,Sample data number 1509,15090000
1510,Sample data number 1510,15100000
1511,Sample data number 1511,15110000
1512,Sample data number 1512,15120000
1513,Sample data number 1513,15130000
1514,Sample data number 1514,15140000
1515,Sample data number 1515,15150000
1516,Sample data number 1516,15160000
1517,Sample data number 1517,15170000
1518,Sample data number 1518,15180000
1519,Sample data number 1519,15190000
1520,Sample data number 1520,15200000
1521,Sample data number 1521,15210000
1522,Sample data number 1522,15220000
1523,Sample data number 1523,15230000
1524,Sample data number 1524,15240000
1525,Sample data number 1525,15250000
1526,Sample data number 1526,15260000
1527,Sample data number 1527,15270000
1528,Sample data number 1528,15280000
1529,Sample data number 1529,15290000
1530,Sample data number 1530,15300000
1531,Sample data number 1531,15310000
1532,Sample data number 1532,15320000
1533,Sample data number 1533,15330000
1534,Sample data number 1534,15340000
1535,Sample data number 1535,15350000
1536,Sample data number 1536,15360000
1537,Sample data number 1537,15370000
1538,Sample data number 1538,15380000
1539,Sample data number 1539,15390000
1540,Sample data number 1540,15400000
1541,Sample data number 1541,15410000
1542,Sample data number 1542,15420000
1543,Sample data number 1543,15430000
1544,Sample data number 1544,15440000
1545,Sample data number 1545,15450000
1546,Sample data number 1546,15460000
1547,Sample data number 1547,15470000
1548,Sample data number 1548,15480000
1549,Sample data number 1549,15490000
1550,Sample data number 1550,15500000
1551,Sample data number 1551,15510000
1552,Sample data number 1552,15520000
1553,Sample data number 1553,15530000
1554,Sample data number 1554,15540000
1555,Sample data number 1555,15550000
1556,Sample data number 1556,15560000
1557,Sample data number 1557,15570000
1558,Sample data number 1558,15580000
1559,Sample data number 1559,15590000
1560,Sample data number 1560,15600000
1561,Sample data number 1561,15610000
1562,Sample data number 1562,15620000
1563,Sample data number 1563,15630000
1564,Sample data number 1564,15640000
1565,Sample data number 1565,15650000
1566,Sample data number 1566,15660000
1567,Sample data number 1567,15670000
1568,Sample data number 1568,15680000
1569,Sample data number 1569,15690000
1570,Sample data number 1570,15700000
1571,Sample data number 1571,15710000
1572,Sample data number 1572,15720000
1573,Sample data number 1573,15730000
1574,Sample data number 1574,15740000
1575,Sample data number 1575,15750000
1576,Sample data number 1576,15760000
1577,Sample data number 1577,15770000
1578,Sample data number 1578,15780000
1579,Sample data number 1579,15790000
1580,Sample data number 1580,15800000
1581,Sample data number 1581,15810000
1582,Sample data number 1582,15820000
1583,Sample data number 1583,15830000
1584,Sample data number 1584,15840000
1585,Sample data number 1585,15850000
1586,Sample data number 1586,15860000
1587,Sample data number 1587,15870000
1588,Sample data number 1588,15880000
1589,Sample data number 1589,15890000
1590,Sample data number 1590,15900000
1591,Sample data number 1591,15910000
1592,Sample data number 1592,15920000
1593,Sample data number 1593,15930000
1594,Sample data number 1594,15940000
1595,Sample data number 1595,15950000
1596,Sample data number 1596,15960000
1597,Sample data number 1597,15970000
1598,Sample data number 1598,15980000
1599,Sample data number 1599,15990000
1600,Sample data number 1600,16000000
1601,Sample data number 1601,16010000
1602,Sample data number 1602,16020000
1603,Sample data number 1603,16030000
1604,Sample data number 1604,16040000
1605,Sample data number 1605,16050000
1606,Sample data number 1606,16060000
1607,Sample data number 1607,16070000
1608,Sample data number 1608,16080000
1609,Sample data number 1609,16090000
1610,Sample data number 1610,16100000
1611,Sample data number 1611,16110000
1612,Sample data number 1612,16120000
1613,Sample data number 1613,16130000
1614,Sample data number 1614,16140000
1615,Sample data number 1615,16150000
1616,Sample data number 1616,16160000
1617,Sample data number 1617,16170000
1618,Sample data number 1618,16180000
1619,Sample data number 1619,16190000
1620,Sample data number 1620,16200000
1621,Sample data number 1621,16210000
1622,Sample data number 1622,16220000
1623,Sample data number 1623,16230000
1624,Sample data number 1624,16240000
1625,Sample data number 1625,16250000
1626,Sample data number 1626,16260000
1627,Sample data number 1627,16270000
1628,Sample data number 1628,16280000
1629,Sample data number 1629,16290000
1630,Sample data number 1630,16300000
1631,Sample data number 1631,16310000
1632,Sample data number 1632,16320000
1633,Sample data number 1633,16330000
1634,Sample data number 1634,16340000
1635,Sample data number 1635,16350000
1636,Sample data number 1636,16360000
1637,Sample data number 1637,16370000
1638,Sample data number 1638,16380000
1639,Sample data number 1639,16390000
1640,Sample data number 1640,16400000
1641,Sample data number 1641,16410000
1642,Sample data number 1642,16420000
1643,Sample data number 1643,16430000
1644,Sample data number 1644,16440000
1645,Sample data number 1645,16450000
1646,Sample data number 1646,16460000
1647,Sample data number 1647,16470000
1648,Sample data number 1648,16480000
1649,Sample data number 1649,16490000
1650,Sample data number 1650,16500000
1651,Sample data number 1651,16510000
1652,Sample data number 1652,16520000
1653,Sample data number 1653,16530000
1654,Sample data number 1654,16540000
1655,Sample data number 1655,16550000
1656,Sample data number 1656,16560000
1657,Sample data number 1657,16570000
1658,Sample data number 1658,16580000
1659,Sample data number 1659,16590000
1660,Sample data number 1660,16600000
1661,Sample data number 1661,16610000
1662,Sample data number 1662,16620000
1663,Sample data number 1663,16630000
1664,Sample data number 1664,16640000
1665,Sample data number 1665,16650000
1666,Sample data number 1666,16660000
1667,Sample data number 1667,16670000
1668,Sample data number 1668,16680000
1669,Sample data number 1669,16690000
1670,Sample data number 1670,16700000
1671,Sample data number 1671,16710000
1672,Sample data number 1672,16720000
1673,Sample data number 1673,16730000
1674,Sample data number 1674,16740000
1675,Sample data number 1675,16750000
1676,Sample data number 1676,16760000
1677,Sample data number 1677,16770000
1678,Sample data number 1678,16780000
1679,Sample data number 1679,16790000
1680,Sample data number 1680,16800000
1681,Sample data number 1681,16810000
1682,Sample data number 1682,16820000
1683,Sample data number 1683,16830000
1684,Sample data number 1684,16840000
1685,Sample data number 1685,16850000
1686,Sample data number 1686,16860000
1687,Sample data number 1687,16870000
1688,Sample data number 1688,16880000
1689,Sample data number 1689,16890000
1690,Sample data number 1690,16900000
1691,Sample data number 1691,16910000
1692,Sample data number 1692,16920000
1693,Sample data number 1693,16930000
1694,Sample data number 1694,16940000
1695,Sample data number 1695,16950000
1696,Sample data number 1696,16960000
1697,Sample data number 1697,16970000
1698,Sample data number 1698,16980000
1699,Sample data number 1699,16990000
1700,Sample data number 1700,17000000
1701,Sample data number 1701,17010000
1702,Sample data number 1702,17020000
1703,Sample data number 1703,17030000
1704,Sample data number 1704,17040000
1705,Sample data number 1705,17050000
1706,Sample data number 1706,17060000
1707,Sample data number 1707,17070000
1708,Sample data number 1708,17080000
1709,Sample data number 1709,17090000
1710,Sample data number 1710,17100000
1711,Sample data number 1711,17110000
1712,Sample data number 1712,17120000
1713,Sample data number 1713,17130000
1714,Sample data number 1714,17140000
1715,Sample data number 1715,17150000
1716,Sample data number 1716,17160000
1717,Sample data number 1717,17170000
1718,Sample data number 1718,17180000
1719,Sample data number 1719,17190000
1720,Sample data number 1720,17200000
1721,Sample data number 1721,17210000
1722,Sample data number 1722,17220000
1723,Sample data number 1723,17230000
1724,Sample data number 1724,17240000
1725,Sample data number 1725,17250000
1726,Sample data number 1726,17260000
1727,Sample data number 1727,17270000
1728,Sample data number 1728,17280000
1729,Sample data number 1729,17290000
1730,Sample data number 1730,17300000
1731,Sample data number 1731,17310000
1732,Sample data number 1732,17320000
1733,Sample data number 1733,17330000
1734,Sample data number 1734,17340000
1735,Sample data number 1735,17350000
1736,Sample data number 1736,17360000
1737,Sample data number 1737,17370000
1738,Sample data number 1738,17380000
1739,Sample data number 1739,17390000
1740,Sample data number 1740,17400000
1741,Sample data number 1741,17410000
1742,Sample data number 1742,17420000
1743,Sample data number 1743,17430000
1744,Sample data number 1744,17440000
1745,Sample data number 1745,17450000
1746,Sample data number 1746,17460000
1747,Sample data number 1747,17470000
1748,Sample data number 1748,17480000
1749,Sample data number 1749,17490000
1750,Sample data number 1750,17500000
1751,Sample data number 1751,17510000
1752,Sample data number 1752,17520000
1753,Sample data number 1753,17530000
1754,Sample data number 1754,17540000
1755,Sample data number 1755,17550000
1756,Sample data number 1756,17560000
1757,Sample data number 1757,17570000
1758,Sample data number 1758,17580000
1759,Sample data number 1759,17590000
1760,Sample data number 1760,17600000
1761,Sample data number 1761,17610000
1762,Sample data number 1762,17620000
1763,Sample data number 1763,17630000
1764,Sample data number 1764,17640000
1765,Sample data number 1765,17650000
1766,Sample data number 1766,17660000
1767,Sample data number 1767,17670000
1768,Sample data number 1768,17680000
1769,Sample data number 1769,17690000
1770,Sample data number 1770,17700000
1771,Sample data number 1771,17710000
1772,Sample data number 1772,17720000
1773,Sample data number 1773,17730000
1774,Sample data number 1774,17740000
1775,Sample data number 1775,17750000
1776,Sample data number 1776,17760000
1777,Sample data number 1777,17770000
1778,Sample data number 1778,17780000
1779,Sample data number 1779,17790000
1780,Sample data number 1780,17800000
1781,Sample data number 1781,17810000
1782,Sample data number 1782,17820000
1783,Sample data number 1783,17830000
1784,Sample data number 1784,17840000
1785,Sample data number 1785,17850000
1786,Sample data number 1786,17860000
1787,Sample data number 1787,17870000
1788,Sample data number 1788,17880000
1789,Sample data number 1789,17890000
1790,Sample data number 1790,17900000
1791,Sample data number 1791,17910000
1792,Sample data number 1792,17920000
1793,Sample data number 1793,17930000
1794,Sample data number 1794,17940000
1795,Sample data number 1795,17950000
1796,Sample data number 1796,17960000
1797,Sample data number 1797,17970000
1798,Sample data number 1798,17980000
1799,Sample data number 1799,17990000
1800,Sample data number 1800,18000000
1801,Sample data number 1801,18010000
1802,Sample data number 1802,18020000
1803,Sample data number 1803,18030000
1804,Sample data number 1804,18040000
1805,Sample data number 1805,18050000
1806,Sample data number 1806,18060000
1807,Sample data number 1807,18070000
1808,Sample data number 1808,18080000
1809,Sample data number 1809,18090000
1810,Sample data number 1810,18100000
1811,Sample data number 1811,18110000
1812,Sample data number 1812,18120000
1813,Sample data number 1813,18130000
1814,Sample data number 1814,18140000
1815,Sample data number 1815,18150000
1816,Sample data number 1816,18160000
1817,Sample data number 1817,18170000
1818,Sample data number 1818,18180000
1819,Sample data number 1819,18190000
1820,Sample data number 1820,18200000
1821,Sample data number 1821,18210000
1822,Sample data number 1822,18220000
1823,Sample data number 1823,18230000
1824,Sample data number 1824,18240000
1825,Sample data number 1825,18250000
1826,Sample data number 1826,18260000
1827,Sample data number 1827,18270000
1828,Sample data number 1828,18280000
1829,Sample data number 1829,18290000
1830,Sample data number 1830,18300000
1831,Sample data number 1831,18310000
1832,Sample data number 1832,18320000
1833,Sample data number 1833,18330000
1834,Sample data number 1834,18340000
1835,Sample data number 1835,18350000
1836,Sample data number 1836,18360000
1837,Sample data number 1837,18370000
1838,Sample data number 1838,18380000
1839,Sample data number 1839,18390000
1840,Sample data number 1840,18400000
1841,Sample data number 1841,18410000
1842,Sample data number 1842,18420000
1843,Sample data number 1843,18430000
1844,Sample data number 1844,18440000
1845,Sample data number 1845,18450000
1846,Sample data number 1846,18460000
1847,Sample data number 1847,18470000
1848,Sample data number 1848,18480000
1849,Sample data number 1849,18490000
1850,Sample data number 1850,18500000
1851,Sample data number 1851,18510000
1852,Sample data number 1852,18520000
1853,Sample data number 1853,18530000
1854,Sample data number 1854,18540000
1855,Sample data number 1855,18550000
1856,Sample data number 1856,18560000
1857,Sample data number 1857,18570000
1858,Sample data number 1858,18580000
1859,Sample data number 1859,18590000
1860,Sample data number 1860,18600000
1861,Sample data number 1861,18610000
1862,Sample data number 1862,18620000
1863,Sample data number 1863,18630000
1864,Sample data number 1864,18640000
1865,Sample data number 1865,18650000
1866,Sample data number 1866,18660000
1867,Sample data number 1867,18670000
1868,Sample data number 1868,18680000
1869,Sample data number 1869,18690000
1870,Sample data number 1870,18700000
1871,Sample data number 1871,18710000
1872,Sample data number 1872,18720000
1873,Sample data number 1873,18730000
1874,Sample data number 1874,18740000
1875,Sample data number 1875,18750000
1876,Sample data number 1876,18760000
1877,Sample data number 1877,18770000
1878,Sample data number 1878,18780000
1879,Sample data number 1879,18790000
1880,Sample data number 1880,18800000
1881,Sample data number 1881,18810000
1882,Sample data number 1882,18820000
1883,Sample data number 1883,18830000
1884,Sample data number 1884,18840000
1885,Sample data number 1885,18850000
1886,Sample data number 1886,18860000
1887,Sample data number 1887,18870000
1888,Sample data number 1888,18880000
1889,Sample data number 1889,18890000
1890,Sample data number 1890,18900000
1891,Sample data number 1891,18910000
1892,Sample data number 1892,18920000
1893,Sample data number 1893,18930000
1894,Sample data number 1894,18940000
1895,Sample data number 1895,18950000
1896,Sample data number 1896,18960000
1897,Sample data number 1897,18970000
1898,Sample data number 1898,18980000
1899,Sample data number 1899,18990000
1900,Sample data number 1900,19000000
1901,Sample data number 1901,19010000
1902,Sample data number 1902,19020000
1903,Sample data number 1903,19030000
1904,Sample data number 1904,19040000
1905,Sample data number 1905,19050000
1906,Sample data number 1906,19060000
1907,Sample data number 1907,19070000
1908,Sample data number 1908,19080000
1909,Sample data number 1909,19090000
1910,Sample data number 1910,19100000
1911,Sample data number 1911,19110000
1912,Sample data number 1912,19120000
1913,Sample data number 1913,19130000
1914,Sample data number 1914,19140000
1915,Sample data number 1915,19150000
1916,Sample data number 1916,19160000
1917,Sample data number 1917,19170000
1918,Sample data number 1918,19180000
1919,Sample data number 1919,19190000
1920,Sample data number 1920,19200000
1921,Sample data number 1921,19210000
1922,Sample data number 1922,19220000
1923,Sample data number 1923,19230000
1924,Sample data number 1924,19240000
1925,Sample data number 1925,19250000
1926,Sample data number 1926,19260000
1927,Sample data number 1927,19270000
1928,Sample data number 1928,19280000
1929,Sample data number 1929,19290000
1930,Sample data number 1930,19300000
1931,Sample data number 1931,19310000
1932,Sample data number 1932,19320000
1933,Sample data number 1933,19330000
1934,Sample data number 1934,19340000
1935,Sample data number 1935,19350000
1936,Sample data number 1936,19360000
1937,Sample data number 1937,19370000
1938,Sample data number 1938,19380000
1939,Sample data number 1939,19390000
1940,Sample data number 1940,19400000
1941,Sample data number 1941,19410000
1942,Sample data number 1942,19420000
1943,Sample data number 1943,19430000
1944,Sample data number 1944,19440000
1945,Sample data number 1945,19450000
1946,Sample data number 1946,19460000
1947,Sample data number 1947,19470000
1948,Sample data number 1948,19480000
1949,Sample data number 1949,19490000
1950,Sample data number 1950,19500000
1951,Sample data number 1951,19510000
1952,Sample data number 1952,19520000
1953,Sample data number 1953,19530000
1954,Sample data number 1954,19540000
1955,Sample data number 1955,19550000
1956,Sample data number 1956,19560000
1957,Sample data number 1957,19570000
1958,Sample data number 1958,19580000
1959,Sample data number 1959,19590000
1960,Sample data number 1960,19600000
1961,Sample data number 1961,19610000
1962,Sample data number 1962,19620000
1963,Sample data number 1963,19630000
1964,Sample data number 1964,19640000
1965,Sample data number 1965,19650000
1966,Sample data number 1966,19660000
1967,Sample data number 1967,19670000
1968,Sample data number 1968,19680000
1969,Sample data number 1969,19690000
1970,Sample data number 1970,19700000
1971,Sample data number 1971,19710000
1972,Sample data number 1972,19720000
1973,Sample data number 1973,19730000
1974,Sample data number 1974,19740000
1975,Sample data number 1975,19750000
1976,Sample data number 1976,19760000
1977,Sample data number 1977,19770000
1978,Sample data number 1978,19780000
1979,Sample data number 1979,19790000
1980,Sample data number 1980,19800000
1981,Sample data number 1981,19810000
1982,Sample data number 1982,19820000
1983,Sample data number 1983,19830000
1984,Sample data number 1984,19840000
1985,Sample data number 1985,19850000
1986,Sample data number 1986,19860000
1987,Sample data number 1987,19870000
1988,Sample data number 1988,19880000
1989,Sample data number 1989,19890000
1990,Sample data number 1990,19900000
1991,Sample data number 1991,19910000
1992,Sample data number 1992,19920000
1993,Sample data number 1993,19930000
1994,Sample data number 1994,19940000
1995,Sample data number 1995,19950000
1996,Sample data number 1996,19960000
1997,Sample data number 1997,19970000
1998,Sample data number 1998,19980000
1999,Sample data number 1999,19990000
2000,Sample data number 2000,20000000
2001,Sample data number 2001,20010000
2002,Sample data number 2002,20020000
2003,Sample data number 2003,20030000
2004,Sample data number 2004,20040000
2005,Sample data number 2005,20050000
2006,Sample data number 2006,20060000
2007,Sample data number 2007,20070000
2008,Sample data number 2008,20080000
2009,Sample data number 2009,20090000
2010,Sample data number 2010,20100000
2011,Sample data number 2011,20110000
2012,Sample data number 2012,20120000
2013,Sample data number 2013,20130000
2014,Sample data number 2014,20140000
2015,Sample data number 2015,20150000
2016,Sample data number 2016,20160000
2017,Sample data number 2017,20170000
2018,Sample data number 2018,20180000
2019,Sample data number 2019,20190000
2020,Sample data number 2020,20200000
2021,Sample data number 2021,20210000
2022,Sample data number 2022,20220000
2023,Sample data number 2023,20230000
2024,Sample data number 2024,20240000
2025,Sample data number 2025,20250000
2026,Sample data number 2026,20260000
2027,Sample data number 2027,20270000
2028,Sample data number 2028,20280000
2029,Sample data number 2029,20290000
2030,Sample data number 2030,20300000
2031,Sample data number 2031,20310000
2032,Sample data number 2032,20320000
2033,Sample data number 2033,20330000
2034,Sample data number 2034,20340000
2035,Sample data number 2035,20350000
2036,Sample data number 2036,20360000
2037,Sample data number 2037,20370000
2038,Sample data number 2038,20380000
2039,Sample data number 2039,20390000
2040,Sample data number 2040,20400000
2041,Sample data number 2041,20410000
2042,Sample data number 2042,20420000
2043,Sample data number 2043,20430000
2044,Sample data number 2044,20440000
2045,Sample data number 2045,20450000
2046,Sample data number 2046,20460000
2047,Sample data number 2047,20470000
2048,Sample data number 2048,20480000
2049,Sample data number 2049,20490000
2050,Sample data number 2050,20500000
2051,Sample data number 2051,20510000
2052,Sample data number 2052,20520000
2053,Sample data number 2053,20530000
2054,Sample data number 2054,20540000
2055,Sample data number 2055,20550000
2056,Sample data number 2056,20560000
2057,Sample data number 2057,20570000
2058,Sample data number 2058,20580000
2059,Sample data number 2059,20590000
2060,Sample data number 2060,20600000
2061,Sample data number 2061,20610000
2062,Sample data number 2062,20620000
2063,Sample data number 2063,20630000
2064,Sample data number 2064,20640000
2065,Sample data number 2065,20650000
2066,Sample data number 2066,20660000
2067,Sample data number 2067,20670000
2068,Sample data number 2068,20680000
2069,Sample data number 2069,20690000
2070,Sample data number 2070,20700000
2071,Sample data number 2071,20710000
2072,Sample data number 2072,20720000
2073,Sample data number 2073,20730000
2074,Sample data number 2074,20740000
2075,Sample data number 2075,20750000
2076,Sample data number 2076,20760000
2077,Sample data number 2077,20770000
2078,Sample data number 2078,20780000
2079,Sample data number 2079,20790000
2080,Sample data number 2080,20800000
2081,Sample data number 2081,20810000
2082,Sample data number 2082,20820000
2083,Sample data number 2083,20830000
2084,Sample data number 2084,20840000
2085,Sample data number 2085,20850000
2086,Sample data number 2086,20860000
2087,Sample data number 2087,20870000
2088,Sample data number 2088,20880000
2089,Sample data number 2089,20890000
2090,Sample data number 2090,20900000
2091,Sample data number 2091,20910000
2092,Sample data number 2092,20920000
2093,Sample data number 2093,20930000
2094,Sample data number 2094,20940000
2095,Sample data number 2095,20950000
2096,Sample data number 2096,20960000
2097,Sample data number 2097,20970000
2098,Sample data number 2098,20980000
2099,Sample data number 2099,20990000
2100,Sample data number 2100,21000000
2101,Sample data number 2101,21010000
2102,Sample data number 2102,21020000
2103,Sample data number 2103,21030000
2104,Sample data number 2104,21040000
2105,Sample data number 2105,21050000
2106,Sample data number 2106,21060000
2107,Sample data number 2107,21070000
2108,Sample data number 2108,21080000
2109,Sample data number 2109,21090000
2110,Sample data number 2110,21100000
2111,Sample data number 2111,21110000
2112,Sample data number 2112,21120000
2113,Sample data number 2113,21130000
2114,Sample data number 2114,21140000
2115,Sample data number 2115,21150000
2116,Sample data number 2116,21160000
2117,Sample data number 2117,21170000
2118,Sample data number 2118,21180000
2119,Sample data number 2119,21190000
2120,Sample data number 2120,21200000
2121,Sample data number 2121,21210000
2122,Sample data number 2122,21220000
2123,Sample data number 2123,21230000
2124,Sample data number 2124,21240000
2125,Sample data number 2125,21250000
2126,Sample data number 2126,21260000
2127,Sample data number 2127,21270000
2128,Sample data number 2128,21280000
2129,Sample data number 2129,21290000
2130,Sample data number 2130,21300000
2131,Sample data number 2131,21310000
2132,Sample data number 2132,21320000
2133,Sample data number 2133,21330000
2134,Sample data number 2134,21340000
2135,Sample data number 2135,21350000
2136,Sample data number 2136,21360000
2137,Sample data number 2137,21370000
2138,Sample data number 2138,21380000
2139,Sample data number 2139,21390000
2140,Sample data number 2140,21400000
2141,Sample data number 2141,21410000
2142,Sample data number 2142,21420000
2143,Sample data number 2143,21430000
2144,Sample data number 2144,21440000
2145,Sample data number 2145,21450000
2146,Sample data number 2146,21460000
2147,Sample data number 2147,21470000
2148,Sample data number 2148,21480000
2149,Sample data number 2149,21490000
2150,Sample data number 2150,21500000
2151,Sample data number 2151,21510000
2152,Sample data number 2152,21520000
2153,Sample data number 2153,21530000
2154,Sample data number 2154,21540000
2155,Sample data number 2155,21550000
2156,Sample data number 2156,21560000
2157,Sample data number 2157,21570000
2158,Sample data number 2158,21580000
2159,Sample data number 2159,21590000
2160,Sample data number 2160,21600000
2161,Sample data number 2161,21610000
2162,Sample data number 2162,21620000
2163,Sample data number 2163,21630000
2164,Sample data number 2164,21640000
2165,Sample data number 2165,21650000
2166,Sample data number 2166,21660000
2167,Sample data number 2167,21670000
2168,Sample data number 2168,21680000
2169,Sample data number 2169,21690000
2170,Sample data number 2170,21700000
2171,Sample data number 2171,21710000
2172,Sample data number 2172,21720000
2173,Sample data number 2173,21730000
2174,Sample data number 2174,21740000
2175,Sample data number 2175,21750000
2176,Sample data number 2176,21760000
2177,Sample data number 2177,21770000
2178,Sample data number 2178,21780000
2179,Sample data number 2179,21790000
2180,Sample data number 2180,21800000
2181,Sample data number 2181,21810000
2182,Sample data number 2182,21820000
2183,Sample data number 2183,21830000
2184,Sample data number 2184,21840000
2185,Sample data number 2185,21850000
2186,Sample data number 2186,21860000
2187,Sample data number 2187,21870000
2188,Sample data number 2188,21880000
2189,Sample data number 2189,21890000
2190,Sample data number 2190,21900000
2191,Sample data number 2191,21910000
2192,Sample data number 2192,21920000
2193,Sample data number 2193,21930000
2194,Sample data number 2194,21940000
2195,Sample data number 2195,21950000
2196,Sample data number 2196,21960000
2197,Sample data number 2197,21970000
2198,Sample data number 2198,21980000
2199,Sample data number 2199,21990000
2200,Sample data number 2200,22000000
2201,Sample data number 2201,22010000
2202,Sample data number 2202,22020000
2203,Sample data number 2203,22030000
2204,Sample data number 2204,22040000
2205,Sample data number 2205,22050000
2206,Sample data number 2206,22060000
2207,Sample data number 2207,22070000
2208,Sample data number 2208,22080000
2209,Sample data number 2209,22090000
2210,Sample data number 2210,22100000
2211,Sample data number 2211,22110000
2212,Sample data number 2212,22120000
2213,Sample data number 2213,22130000
2214,Sample data number 2214,22140000
2215,Sample data number 2215,22150000
2216,Sample data number 2216,22160000
2217,Sample data number 2217,22170000
2218,Sample data number 2218,22180000
2219,Sample data number 2219,22190000
2220,Sample data number 2220,22200000
2221,Sample data number 2221,22210000
2222,Sample data number 2222,22220000
2223,Sample data number 2223,22230000
2224,Sample data number 2224,22240000
2225,Sample data number 2225,22250000
2226,Sample data number 2226,22260000
2227,Sample data number 2227,22270000
2228,Sample data number 2228,22280000
2229,Sample data number 2229,22290000
2230,Sample data number 2230,22300000
2231,Sample data number 2231,22310000
2232,Sample data number 2232,22320000
2233,Sample data number 2233,22330000
2234,Sample data number 2234,22340000
2235,Sample data number 2235,22350000
2236,Sample data number 2236,22360000
2237,Sample data number 2237,22370000
2238,Sample data number 2238,22380000
2239,Sample data number 2239,22390000
2240,Sample data number 2240,22400000
2241,Sample data number 2241,22410000
2242,Sample data number 2242,22420000
2243,Sample data number 2243,22430000
2244,Sample data number 2244,22440000
2245,Sample data number 2245,22450000
2246,Sample data number 2246,22460000
2247,Sample data number 2247,22470000
2248,Sample data number 2248,22480000
2249,Sample data number 2249,22490000
2250,Sample data number 2250,22500000
2251,Sample data number 2251,22510000
2252,Sample data number 2252,22520000
2253,Sample data number 2253,22530000
2254,Sample data number 2254,22540000
2255,Sample data number 2255,22550000
2256,Sample data number 2256,22560000
2257,Sample data number 2257,22570000
